4979,。
4927,が
4862,の
4784,て
4693,は
4693,、
4680,に
4654,で
4446,し
4394,た
4316,を
4251,と
4199,も
4017,です
3666,ない
3627,ます
3315,な
3029,ので
2769,まし
2717,い
2626,ん
2483,か
2236,さ
2223,ませ
2184,する
2093,から
2028,１
2002,こと
1976,２
1976,いる
1937,ば
1937,う
1898,）
1898,（
1898,だ
1768,思い
1716,購入
1651,よう
1599,０
1586,という
1560,ある
1534,あり
1521,これ
1495,３
1482,れ
1430,いい
1404,使っ
1391,音
1352,良い
1352,方
1352,なら
1352,だけ
1339,なく
1300,でき
1274,や
1261,曲
1261,・
1235,音質
1209,！
1209,的
1209,できる
1183,音楽
1183,など
1131,より
1131,なり
1131,でしょ
1118,まで
1118,として
1105,操作
1066,もの
1053,機能
1053,でし
1027,気
1014,なっ
1001,５
1001,感じ
1001,人
988,私
975,買っ
936,時間
923,再生
923,たら
910,思っ
910,充電
897,使用
884,問題
871,？
871,本体
858,４
858,なる
845,容量
819,点
819,み
819,かも
819,」
819,「
806,機
793,掃除
793,デザイン
780,ｉＰｏｄ
780,満足
780,使い
780,中
780,ね
780,ところ
780,それ
780,そう
767,たい
767,かなり
754,時
754,性
741,値段
741,今
728,使え
728,でも
728,ため
728,ず
715,他
702,付属
702,とても
689,事
676,商品
663,自分
650,ＵＳＢ
650,必要
637,思う
637,しか
624,ＧＢ
624,製品
624,持っ
624,以上
624,だっ
611,８
611,６
611,ソフト
611,ちょっと
598,入れ
585,ＣＤ
585,見
585,なかっ
572,画面
572,十分
572,バッテリー
572,たり
572,けど
572,くらい
572,あっ
559,液晶
559,とき
559,−
546,Ｇ
546,買い
546,れる
533,．
533,電池
533,力
520,転送
520,簡単
520,用
520,何
520,一
520,イヤ
520,ほど
520,のに
507,よく
507,しれ
494,悪い
494,吸引
494,動画
494,便利
481,無い
481,感
481,分
481,使う
481,しまい
481,あれ
468,円
468,ファイル
468,やすい
455,ＰＣ
455,小さい
455,あまり
442,非常
442,出来
442,個人
442,使える
442,上
442,メーカー
442,ボタン
442,プレイヤー
442,パソコン
442,まず
442,って
442,せ
429,残念
429,数
429,携帯
429,持ち
429,勧め
429,ホン
429,てる
429,すぐ
429,…
416,部分
416,比べ
416,普通
416,接続
416,価格
416,られ
403,等
403,手
403,対応
403,可能
403,使い勝手
403,き
403,〜
390,少し
390,プレーヤー
377,ＭＰ
377,年
377,小さく
377,ゴミ
377,られる
377,よ
377,ながら
377,だろ
377,あと
364,言う
364,特に
364,専用
364,多い
364,前
364,入っ
364,とか
351,ｉＴｕｎｅｓ
351,買う
351,良く
351,良かっ
351,機種
351,レビュー
351,タイプ
351,やはり
351,なけれ
351,しまう
338,ｉｐｏｄ
338,高い
338,電源
338,軽い
338,設定
338,程度
338,期待
338,度
338,大き
325,録音
325,説明
325,初めて
325,不満
325,フォルダ
325,もう
325,すぎ
312,Ａ
312,部屋
312,表示
312,星
312,出
312,入れる
312,データ
312,シャッフル
312,コード
299,評価
299,聴く
299,考え
299,比較
299,最初
299,性能
299,後
299,実際
299,出来る
299,ほう
299,すれ
286,９
286,言っ
286,色
286,結構
286,目
286,日
286,好き
286,場合
286,以前
286,メモリ
286,みる
286,なし
286,とにかく
286,くれ
273,ＦＭ
273,７
273,重い
273,言え
273,以外
273,一番
273,ヘッド
273,コンパクト
273,わけ
273,どう
273,つい
273,じゃ
260,Ｍ
260,通勤
260,聞い
260,台
260,入る
260,スイッチ
260,まだ
260,しよ
260,しまっ
247,面倒
247,見る
247,書
247,悪く
247,全く
247,付い
247,交換
247,ソニー
247,サイズ
247,オーディオ
247,よい
247,つけ
234,Ｄ
234,＆
234,状態
234,物
234,気に入っ
234,探し
234,安い
234,大変
234,大きい
234,型
234,付け
234,ワンセグ
234,ラジオ
234,フォン
234,シンプル
234,よかっ
234,もっと
234,みたい
234,にくい
234,なんて
221,音量
221,移動
221,本当に
221,押し
221,式
221,回
221,レベル
221,マン
221,ケーブル
221,ウォーク
221,アルバム
221,について
221,ここ
221,ぐらい
221,おり
208,魅力
208,際
208,間
208,重
208,選択
208,軽く
208,車
208,考える
208,確か
208,環境
208,最高
208,文句
208,所
208,感度
208,品
208,別
208,使わ
208,メモリー
208,ノイズ
208,シリーズ
208,オススメ
208,イコライザ
208,わかり
208,へ
208,といった
208,づらい
208,そのまま
208,ください
208,いっ
195,言わ
195,聴い
195,聞く
195,綺麗
195,無く
195,欲しい
195,排気
195,感じる
195,差
195,好み
195,大きく
195,変換
195,出し
195,今回
195,万
195,一つ
195,スピーカー
195,カバー
195,やすく
195,もう少し
195,に関して
195,さらに
195,こちら
195,いら
182,ｎａｎｏ
182,電車
182,聴き
182,秒
182,本
182,情報
182,思わ
182,得
182,安く
182,多く
182,壊れ
182,埃
182,分かり
182,出る
182,内蔵
182,低音
182,下
182,ヶ月
182,モデル
182,ブラシ
182,パック
182,クリップ
182,わから
182,まま
182,すぎる
182,かかり
182,いけ
182,いう
182,☆
169,Ｃ
169,難点
169,録画
169,量
169,選び
169,違い
169,速度
169,通り
169,製
169,聞き
169,素晴らしい
169,紙
169,直接
169,注意
169,書い
169,持つ
169,慣れ
169,強い
169,少ない
169,少々
169,家
169,実用
169,外
169,場所
169,基本
169,動作
169,全体
169,充分
169,仕様
169,ヘッドホン
169,フリーズ
169,フィルター
169,ダウンロード
169,ケース
169,クリア
169,ほとんど
169,なかなか
169,たくさん
169,くれる
169,おい
169,うち
169,いろいろ
169,いく
169,いえ
156,ＨＤＤ
156,４つ
156,／
156,高く
156,週間
156,通常
156,起動
156,買お
156,見え
156,聞こえ
156,置い
156,結局
156,管理
156,無し
156,改善
156,感覚
156,印象
156,僕
156,付き
156,世代
156,不便
156,ポケット
156,ビデオ
156,ノイズキャンセリング
156,ジャケット
156,アップル
156,によって
156,にとって
156,たく
156,しっかり
156,おすすめ
143,ｍｐ
143,ｉＰｏｄｓｈｕｆｆｌｅ
143,ＳＤ
143,Ｓ
143,Ｈ
143,，
143,＋
143,電話
143,長く
143,重宝
143,選ん
143,遅い
143,認識
143,落ち
143,良
143,結果
143,直感
143,理由
143,為
143,比べる
143,欠点
143,機器
143,楽
143,最大
143,強く
143,存在
143,多少
143,切れ
143,写真
143,入り
143,充実
143,修理
143,以下
143,仕事
143,モード
143,メイン
143,パワー
143,ノズル
143,ネット
143,カード
143,もちろん
143,まあ
143,ひとつ
143,なんと
143,どれ
143,どこ
143,さえ
143,こまめ
143,お気に入り
130,ｓｈｕｆｆｌｅ
130,ｉ
130,ＳＯＮＹ
130,ＭＤ
130,買い物
130,買い替え
130,色々
130,細かい
130,種類
130,程
130,確認
130,知れ
130,発売
130,番組
130,毎日
130,正直
130,欲しかっ
130,機械
130,最近
130,最後
130,早い
130,新しい
130,手軽
130,後悔
130,形式
130,弱い
130,弱
130,店
130,外れ
130,取り込ん
130,効果
130,全て
130,使い方
130,作り
130,作っ
130,余裕
130,位
130,ランダム
130,ユーザー
130,ストレス
130,サイト
130,サイクロン
130,コスト
130,らしい
130,のみ
130,なんか
130,その後
130,そこそこ
130,せる
130,きれい
130,かかる
130,お買い得
117,ｉＰｏｄｍｉｎｉ
117,Ｗ
117,ＳｏｎｉｃＳｔａｇｅ
117,５つ
117,騒音
117,音声
117,面
117,限り
117,違う
117,連続
117,逆
117,迷い
117,足り
117,買わ
117,買い換え
117,視聴
117,自体
117,聴け
117,聞ける
117,納得
117,笑
117,画質
117,池
117,汚れ
117,枚
117,日本
117,捨て
117,感想
117,必須
117,微妙
117,常に
117,左右
117,小さ
117,完了
117,始め
117,外出
117,唯一
117,吸い
117,同様
117,口
117,取れ
117,反応
117,半年
117,千
117,割れ
117,割
117,利用
117,優秀
117,優れ
117,他社
117,二
117,予約
117,主
117,一度
117,ー
117,メニュー
117,マニュアル
117,マイナス
117,ポイント
117,ホイール
117,プレイリスト
117,フローリング
117,バック
117,コピー
117,コストパフォーマンス
117,アダプタ
117,まったく
117,ましょ
117,はっきり
117,なれ
117,ちゃんと
117,そこ
117,すごい
117,ごと
117,くる
117,おけ
104,ＯＫ
104,Ｂ
104,１つ
104,高音
104,高
104,静か
104,長い
104,重視
104,迷っ
104,調節
104,評判
104,見れ
104,薄く
104,若干
104,自宅
104,耳
104,者
104,絶対
104,系
104,目的
104,画像
104,気持ち
104,気分
104,次
104,様
104,楽しみ
104,楽しい
104,早く
104,方法
104,文字
104,故障
104,搭載
104,持ち運ぶ
104,扱い
104,意外
104,当然
104,寿命
104,失敗
104,変わり
104,受信
104,取り込み
104,取り
104,十
104,初期
104,初心者
104,全然
104,倍
104,保存
104,作業
104,今後
104,乗り換え
104,不安
104,ライト
104,モーター
104,メール
104,ホコリ
104,フラッシュ
104,ビックリ
104,ソフトウェア
104,イコライザー
104,やり
104,やや
104,やっぱり
104,もん
104,ほしい
104,ばかり
104,つき
104,っぱなし
104,ちゃん
104,ちゃ
104,そんなに
104,せい
104,けれど
104,かけ
104,うるさい
91,ｏ
91,ｍｉｎｉ
91,＾
91,ＯＳ
91,；
91,％
91,驚き
91,頻繁
91,階層
91,軽
91,車内
91,質感
91,調整
91,試し
91,設計
91,触っ
91,見た目
91,落とし
91,能力
91,聞け
91,短い
91,知っ
91,現在
91,率
91,減り
91,気軽
91,毎回
91,次に
91,楽しん
91,検索
91,普段
91,映像
91,放送
91,損
91,探す
91,持ち歩く
91,持た
91,手間
91,手元
91,意味
91,悪
91,心配
91,待っ
91,安定
91,変更
91,問い合わせ
91,動き
91,出す
91,入れ替え
91,先日
91,側
91,値
91,三
91,リピート
91,リセット
91,メディア
91,ポータブル
91,ボディ
91,プレーヤ
91,テレビ
91,タッチ
91,ソニック
91,ステージ
91,サポート
91,ゲーム
91,キレイ
91,カラー
91,エン
91,アップ
91,アクセサリ
91,やっ
91,やす
91,ほぼ
91,ほこり
91,による
91,にくく
91,なん
91,なに
91,どうしても
91,それほど
91,さん
91,きちんと
91,おまけ
91,いれ
91,いつも
91,ある程度
78,ｋｂｐｓ
78,ｉｔｕｎｅ
78,Ｗｉｎｄｏｗｓ
78,ＷＭＰ
78,ＷＭＡ
78,Ｐ
78,Ｅ
78,：
78,風
78,音源
78,隅
78,間違い
78,重量
78,重く
78,邪魔
78,販売
78,調べ
78,語学
78,話
78,見える
78,良好
78,聴ける
78,考えれ
78,縦
78,経由
78,穴
78,皆さん
78,発生
78,疲れ
78,理解
78,消え
78,活躍
78,決め
78,楽しめる
78,検討
78,服
78,有り
78,最強
78,替え
78,是非
78,日立
78,改良
78,指
78,持ち運び
78,持ち歩い
78,抜群
78,我が家
78,感動
78,思える
78,思え
78,快適
78,心地
78,従来
78,形
78,当たり前
78,幅
78,届い
78,容易
78,家電
78,完成
78,完全
78,安物
78,安価
78,嬉しい
78,変える
78,変え
78,売り
78,圧縮
78,回転
78,吸い込ま
78,含め
78,名前
78,収納
78,別売
78,初代
78,切り替え
78,再び
78,内臓
78,内
78,入手
78,先
78,元
78,傷
78,価値
78,作成
78,会社
78,代わり
78,予想
78,中心
78,不具合
78,レジューム
78,ラップ
78,モノ
78,ミュージック
78,マシ
78,ボリューム
78,ホース
78,プレゼント
78,パワフル
78,バランス
78,バッテリ
78,ハード
78,ハンディ
78,ディスプレイ
78,スト
78,スタイリッシュ
78,ジョギング
78,システム
78,サラウンド
78,コードレス
78,コレ
78,キー
78,アーティスト
78,アンテナ
78,アダプター
78,んで
78,り
78,もっ
78,むしろ
78,まとめ
78,ほしかっ
78,べき
78,なぜ
78,どちら
78,どおり
78,とりあえず
78,できれ
78,だめ
78,たび
78,ただ
78,それなり
78,すべて
78,すっきり
78,さすが
78,ごみ
78,こんなに
78,これから
78,いくつ
78,いえる
78,あまりに
78,あたり
78,あくまで
78,』
78,『
78,♪
78,→
65,ｔｏｕｃｈ
65,ｉＴｕｎｅ
65,］
65,Ｘ
65,ＷｉｎｄｏｗｓＭｅｄｉａＰｌａｙｅｒ
65,ＰＳＰ
65,ＯＦＦ
65,ＭＢ
65,Ｆ
65,ＡＡＣ
65,飽き
65,難
65,集
65,限ら
65,関係
65,開発
65,長
65,選べ
65,選ぶ
65,違っ
65,過ぎ
65,通学
65,返品
65,近く
65,近い
65,買え
65,言葉
65,解像度
65,複数
65,裏面
65,装着
65,衝撃
65,行っ
65,良品
65,自動
65,胸
65,聞こえる
65,繋ぐ
65,練習
65,素人
65,私的
65,目立つ
65,白
65,畳
65,用意
65,生活
65,現時点
65,独自
65,状況
65,版
65,無理
65,気に入り
65,殆ど
65,横
65,楽しめ
65,格段
65,最適
65,書か
65,曲名
65,昼間
65,明るい
65,新規
65,新品
65,教材
65,持ち歩き
65,扱っ
65,所有
65,慣れる
65,想像
65,必ず
65,後ろ
65,当初
65,延長
65,帰っ
65,届き
65,小型
65,実感
65,安心
65,大丈夫
65,夜
65,外部
65,変化
65,売っ
65,声
65,増える
65,増え
65,塵
65,在庫
65,四
65,吸わ
65,吸い込み
65,向上
65,向か
65,同期
65,受け
65,取り込む
65,参考
65,半分
65,勝手
65,劣る
65,前後
65,別途
65,別売り
65,別に
65,分の
65,分から
65,全部
65,入れ替える
65,個
65,保証
65,使い物
65,作動
65,低い
65,今度
65,不足
65,下さい
65,上げ
65,ロック
65,レスポンス
65,メモ
65,マイク
65,ポート
65,ホワイト
65,フタ
65,ファーム
65,ハンディー
65,ドロップ
65,ドラッグ
65,トランスミッター
65,デジタル
65,チェック
65,タイトル
65,セット
65,スリープ
65,スタイル
65,シリコン
65,コンセント
65,コネクタ
65,クリック
65,キーボード
65,カーペット
65,カップ
65,オプション
65,インチ
65,イライラ
65,イメージ
65,アップデート
65,もはや
65,ものの
65,もともと
65,め
65,はず
65,において
65,なんとか
65,とも
65,つもり
65,っと
65,ちょうど
65,だり
65,たまる
65,たま
65,すら
65,すごく
65,しばらく
65,さほど
65,こだわり
65,けっこう
65,おく
65,おかげ
65,いつ
65,いっぱい
65,いちいち
65,いかが
65,あげ
65,◎
52,ｗ
52,ｉＰｏｄｎａｎｏ
52,ｉＰｏｄＴｏｕｃｈ
52,ｉＰｈｏｎｅ
52,ｃｌａｓｓｉｃ
52,ａｐｐｌｅ
52,Ｗｅｂ
52,Ｔ
52,ＯＮ
52,ＮＷ
52,ＬＡＮ
52,ＨＰ
52,Ａｐｐｌｅ
52,驚い
52,首
52,飛び
52,頭
52,順番
52,項目
52,頃
52,面白い
52,難しい
52,隙間
52,限界
52,重要
52,都合
52,選曲
52,選択肢
52,選べる
52,遅
52,速い
52,速
52,途中
52,追加
52,軽量
52,躊躇
52,負け
52,読ん
52,言える
52,言い
52,解決
52,覚え
52,裏
52,表面
52,薦め
52,落ちる
52,苦
52,良心
52,自身
52,自由
52,自己
52,肝心
52,耐え
52,置き
52,組み合わせ
52,終わり
52,細い
52,箱
52,端子
52,立て
52,突然
52,秀逸
52,確実
52,知ら
52,目立ち
52,用途
52,現状
52,無線
52,無料
52,無意味
52,点灯
52,減っ
52,消費
52,活用
52,洗練
52,注目
52,決め手
52,決して
52,求める
52,歩き
52,正確
52,標準
52,来
52,机
52,有料
52,有効
52,最新
52,書き込み
52,書き
52,更に
52,暗い
52,時点
52,時々
52,早速
52,日光
52,既存
52,既に
52,新鮮
52,断然
52,整理
52,散歩
52,振動
52,持ち歩か
52,抜け
52,手動
52,手ごろ
52,惹か
52,悩ん
52,恩恵
52,往復
52,強力
52,強
52,店頭
52,平気
52,帯
52,布団
52,少なく
52,対象
52,実物
52,安
52,子供
52,嫌
52,大好き
52,多
52,変わら
52,場
52,品質
52,周辺
52,吸う
52,吸い込む
52,名
52,合わせ
52,友達
52,厳しい
52,原因
52,厚み
52,単位
52,化
52,動い
52,効か
52,割り切っ
52,切る
52,分かる
52,出張
52,出力
52,出し入れ
52,内部
52,優先
52,信頼
52,作れる
52,低
52,会議
52,付ける
52,今日
52,両方
52,不要
52,不良
52,不明
52,不安定
52,下手
52,上記
52,上回る
52,一部
52,一応
52,一切
52,一体
52,一人暮らし
52,ローラー
52,レート
52,レス
52,レコーダー
52,メーカ
52,メリット
52,ボイスレコーダー
52,ベッド
52,プラス
52,ファームウェア
52,ビット
52,バカ
52,ハードディスク
52,ハズレ
52,ネックストラップ
52,デジカメ
52,デカイ
52,デカ
52,ダスト
52,スライド
52,スムーズ
52,スポーツ
52,スペック
52,スティック
52,ショップ
52,サッと
52,グレード
52,ギャップ
52,ガム
52,カット
52,オフ
52,インターフェース
52,インストール
52,アタッチメント
52,わたし
52,よる
52,やり取り
52,やすかっ
52,もらっ
52,もっとも
52,もち
52,もし
52,みなさん
52,まとも
52,ほか
52,ひどい
52,はずれ
52,により
52,なあ
52,どんどん
52,どうか
52,とっても
52,とおり
52,づらく
52,つない
52,つける
52,つ
52,っぽい
52,っていう
52,っす
52,ちゃう
52,たまに
52,たかっ
52,それぞれ
52,ぜひ
52,ずっと
52,くず
52,がち
52,かっこいい
52,かける
52,お供
52,おける
52,いま
52,いたし
52,いじっ
52,いける
52,いくら
52,いきなり
52,ありがたい
52,あえて
52,★
52,”
39,￥
39,ｖ
39,ｏｒｚ
39,ｍ
39,ｉＰｏｄｔｏｕｃｈ
39,ＴＶ
39,Ｓｏｎｙ
39,ＰＤＦ
39,ＮＣ
39,Ｍａｃ
39,Ｋ
39,ＩＰＯＤ
39,ＩＣ
39,ＥＬ
39,ＤＶＤ
39,ＣｏｖｅｒＦｌｏｗ
39,ＣＭ
39,＞
39,２つ
39,１月
39,黒
39,髪の毛
39,高め
39,類
39,顔
39,頻度
39,順
39,響き
39,電波
39,電子
39,雑音
39,雑巾
39,集中
39,防止
39,開け
39,長期
39,鏡面
39,量販
39,酷い
39,配置
39,部品
39,部
39,違和感
39,過去
39,過ぎる
39,進化
39,連絡
39,送り
39,辺
39,踊ら
39,起こり
39,起こし
39,買い替える
39,貯め
39,負担
39,諦め
39,誰
39,読み
39,読ま
39,説
39,詳しく
39,詰まり
39,試用
39,訳
39,記憶
39,解消
39,解り
39,観
39,視認
39,見事
39,要素
39,要望
39,補正
39,表現
39,衝動
39,行為
39,行く
39,行き
39,行い
39,蓋
39,落とせ
39,英語
39,舞い
39,臭い
39,聞き取り
39,耐久
39,考慮
39,繰り返し
39,編集
39,総合
39,続け
39,絨毯
39,経っ
39,終わっ
39,細か
39,糸
39,糞
39,範囲
39,箇所
39,端末
39,空気
39,空け
39,社
39,短
39,相性
39,相当
39,発色
39,痛い
39,疑問
39,番
39,申し分
39,珍しい
39,特定
39,特別
39,爪
39,熱く
39,無駄
39,漏れ
39,溜まる
39,減
39,済む
39,清掃
39,添付
39,深く
39,消耗
39,消し
39,海外
39,流石
39,派
39,注文
39,沢山
39,汗
39,汎用
39,水洗い
39,水
39,気楽
39,気に入ら
39,気づく
39,毛
39,残っ
39,正解
39,正しく
39,止め
39,機会
39,構造
39,楽曲
39,楽しむ
39,楽々
39,梱
39,東芝
39,来る
39,本来
39,朝
39,有機
39,最悪
39,最中
39,最も
39,書き込ん
39,映画
39,昔
39,易い
39,早送り
39,日間
39,日々
39,旅行
39,方式
39,新型
39,断線
39,数字
39,撒き
39,換気扇
39,揃っ
39,指紋
39,指定
39,持ち上げ
39,折れ
39,技術
39,手頃
39,手持ち
39,戻っ
39,我慢
39,愛用
39,意見
39,意外と
39,悲しい
39,思い切っ
39,応じ
39,忘れ
39,待つ
39,待ち
39,待た
39,当時
39,弱点
39,床
39,広がり
39,常時
39,希望
39,布
39,差し込ん
39,届く
39,小回り
39,小さめ
39,家族
39,室内
39,安かっ
39,大量
39,多かっ
39,外観
39,外す
39,外し
39,夏
39,変わる
39,売り出さ
39,域
39,均
39,地下鉄
39,固定
39,困り
39,吸っ
39,吸い込め
39,吸い取り
39,向い
39,合う
39,合い
39,古い
39,取れる
39,取り扱い
39,取ら
39,取っ
39,勢い
39,効率
39,加え
39,割り切れ
39,切れる
39,出先
39,出かける
39,処理
39,処分
39,凄い
39,再度
39,内容
39,公式
39,入力
39,入れよ
39,入ら
39,先端
39,働い
39,傷つき
39,使い分け
39,使いこなせる
39,作る
39,余計
39,何とか
39,何かと
39,体験
39,体制
39,位置
39,似
39,件
39,付加
39,五
39,乱暴
39,両親
39,世界
39,与え
39,不思議
39,不器用
39,下記
39,一緒
39,リビング
39,リスト
39,ランプ
39,ライブ
39,ユーザ
39,ミニ
39,マーク
39,ボイス
39,ベース
39,ヘルプ
39,プリセット
39,プラグ
39,ブラウザ
39,フル
39,フリー
39,フォーマット
39,フォルダー
39,ピンク
39,ピアノ
39,パーティー
39,パン
39,バージョンアップ
39,バッチリ
39,ハッキリ
39,ニーズ
39,ドンシャリ
39,トラブル
39,データー
39,テープ
39,テキスト
39,ダメ
39,タッチパネル
39,タグ
39,センチ
39,センター
39,スリム
39,ストア
39,スッキリ
39,スタンド
39,ジャック
39,シート
39,ショック
39,サード
39,サクサク
39,ゴム
39,ゴミ箱
39,コンセプト
39,コメント
39,グリーン
39,クリーナー
39,クリエイティブ
39,ギガ
39,キャンセル
39,ガッカリ
39,カラオケ
39,カバン
39,オモチャ
39,オマケ
39,オシャレ
39,エラー
39,エクスプローラ
39,ウォーキング
39,イイ
39,アプリケーション
39,アナログ
39,アドバンテージ
39,アクセサリー
39,わり
39,わざわざ
39,わかる
39,わかっ
39,れれ
39,らしく
39,ら
39,やれ
39,やつ
39,もらえ
39,もったいない
39,もう一度
39,まるで
39,まだまだ
39,また
39,まずまず
39,まさに
39,へん
39,ぶらぶら
39,ぴったり
39,ひたすら
39,に対して
39,にて
39,なんとも
39,なんで
39,なるべく
39,なくなり
39,なくなっ
39,なくし
39,なぁ
39,どっち
39,どうも
39,でかい
39,づつ
39,つらい
39,つなげ
39,つなぐ
39,ちゃっ
39,だって
39,たどり着き
39,たった
39,ぞ
39,その他
39,せよ
39,せめて
39,ずつ
39,すばらしい
39,す
39,ざる
39,さっそく
39,させ
39,ござい
39,こだわっ
39,こう
39,く
39,きっちり
39,かく
39,かから
39,かかっ
39,お願い
39,お金
39,お薦め
39,お洒落
39,おら
39,おもちゃ
39,おっしゃる
39,おそらく
39,おか
39,うれしい
39,うまく
39,いまいち
39,いただき
39,いずれ
39,いじり
39,いかにも
39,いか
39,】
39,【
39,●
39,○
39,※
39,×
26,￣
26,ｚ
26,ｘ
26,ｒ
26,ｐｏｄ
26,ｏｎ
26,ｉｔｕｎｅｓ
26,ｉｐｏｄｔｏｕｃｈ
26,ｉＰＯＤ
26,ｈ
26,ｇｉｇａｂｅａｔ
26,ｇ
26,ｆｉ
26,ｅｔｃ
26,ｃｍ
26,Ｙｏｕｔｕｂｅ
26,ＷｉｎＸＰＳＰ
26,Ｗｉｎ
26,ＷｉＦｉ
26,ＷＭ
26,ＷＥＢ
26,Ｖ
26,ＵＳＢＡＣ
26,Ｕ
26,Ｔｏｕｃｈ
26,ＴＦＴ
26,Ｒｉｏ
26,ＲＯＭ
26,Ｒ
26,Ｐｏｄｃａｓｔ
26,Ｏｕｔｌｏｏｋ
26,ＮＧ
26,Ｌｉｎｕｘ
26,Ｌ
26,Ｉｐｏｄ
26,ＩＰｏｄ
26,ＩＤ
26,Ｉ
26,ＨＯＬＤ
26,ＨＥＰＡ
26,Ｇｏｏｇｌｅ
26,Ｇｏｏｄ
26,Ｆｉ
26,ＥＱ
26,ＤＬ
26,ＤＡＰ
26,Ｃｒｅａｔｉｖｅ
26,ＣＯＷＯＮ
26,ＡＴＲＡＣ
26,ＡＣ
26,＠
26,＝
26,３月
26,１０月
26,鼻歌
26,鳴り
26,鳴らし
26,鳴っ
26,鮮明
26,高速
26,高性能
26,驚かさ
26,騒動
26,駆動
26,馬鹿
26,飛ぶ
26,頼り
26,頼ま
26,頑張っ
26,頂き
26,頂い
26,音響
26,韓国
26,鞄
26,面白く
26,静電気
26,青い
26,青
26,電気
26,電力
26,難い
26,階段
26,階
26,限定
26,関連
26,間違っ
26,開始
26,長時間
26,長持ち
26,長所
26,録
26,銭
26,部類
26,遜色
26,運転
26,運動
26,遅く
26,進歩
26,週
26,連携
26,造り
26,通し
26,透明
26,送信
26,送る
26,追記
26,追求
26,迫力
26,返し
26,近所
26,近年
26,迄
26,込ん
26,込
26,辺り
26,辛い
26,轟音
26,輝度
26,軽減
26,軽快
26,赤毛
26,赤
26,費用
26,買い換えよ
26,責任
26,読め
26,誤
26,語
26,詐欺
26,許せ
26,設置
26,記録
26,計算
26,計り
26,触れ
26,解ら
26,観点
26,覚悟
26,視力
26,規則
26,見れる
26,見にくい
26,見づらい
26,見つけ
26,見つから
26,褒め
26,補強
26,装備
26,袋
26,表記
26,表
26,衛星
26,街
26,行き着き
26,行え
26,行う
26,薄い
26,薄
26,落とす
26,苦笑
26,苦痛
26,苦手
26,苦しい
26,花粉
26,色合い
26,良し
26,興味
26,致し
26,至れ
26,自転車
26,自立
26,自然
26,自慢
26,自動的
26,自作
26,腰
26,腕
26,背面
26,職場
26,聴けれ
26,聴か
26,聞けれ
26,聞き流す
26,習慣
26,美しく
26,美し
26,置ける
26,置け
26,繋い
26,続ける
26,経験
26,経済
26,組み立て
26,組み直す
26,終了
26,紹介
26,細かく
26,素直
26,簡易
26,箒
26,筒
26,等々
26,立てかけ
26,窓際
26,積もっ
26,移す
26,私見
26,神経質
26,社会
26,示す
26,硬く
26,破格
26,研究
26,短く
26,知り
26,瞬間
26,睡眠
26,眠っ
26,真ん中
26,相殺
26,相応
26,直結
26,直後
26,目立た
26,百
26,発揮
26,症状
26,異なる
26,留め
26,画素
26,理想
26,現行
26,現物
26,玉
26,玄関
26,猫
26,独立
26,特筆
26,特有
26,特徴
26,特
26,物足りない
26,片隅
26,片道
26,片手
26,熱
26,煩雑
26,無難
26,無視
26,無残
26,無けれ
26,無くなる
26,点い
26,激しい
26,満点
26,温度
26,渡り歩き
26,減点
26,減らし
26,済み
26,流通
26,流行
26,流れる
26,流れ
26,流し
26,洗濯
26,洗っ
26,洗う
26,波
26,油
26,決定
26,決まっ
26,気持ちいい
26,気味
26,気休め
26,気づか
26,母
26,段階
26,止まる
26,歌
26,欲
26,次第
26,模様
26,様々
26,楽器
26,楽し
26,棚
26,格好
26,根本
26,果たして
26,東京
26,条件
26,本当
26,本国
26,未だに
26,望む
26,朗読
26,有名
26,有る
26,最低限
26,最低
26,替える
26,書く
26,更新
26,更
26,曲目
26,暮らし
26,暇つぶし
26,普及
26,時計
26,時期
26,時代
26,昨日
26,昨年
26,易
26,明るく
26,明らか
26,日本語
26,方々
26,新た
26,数値
26,散らし
26,散々
26,敢えて
26,放っ
26,支障
26,掲載
26,採用
26,掛け
26,掛かる
26,掌
26,捨てる
26,振っ
26,挟ん
26,挙げる
26,挙げ
26,持続
26,持て
26,持ち運べ
26,持ち歩け
26,持ち時間
26,拡張
26,拝見
26,拍子
26,押す
26,抱え
26,抑え
26,扱え
26,払っ
26,手放せ
26,所持
26,戻れ
26,戻り
26,戻し
26,成功
26,愕然
26,意欲
26,想定
26,悩み
26,悩ま
26,恥ずかしい
26,怪しく
26,性質
26,怖い
26,忘れる
26,徹底的
26,後で
26,彼女
26,影響
26,当方
26,当て
26,強いて
26,弱く
26,引っ越し
26,引っ張り
26,廉価
26,広告
26,広い
26,帳
26,帰り
26,市販
26,巻
26,左
26,展開
26,屑
26,屋外
26,居る
26,居
26,局
26,尽く
26,少なくとも
26,小生
26,小柄
26,小さかっ
26,導入
26,専門
26,対策
26,寝
26,寂しい
26,家具
26,室
26,宣伝
26,実験
26,実行
26,実家
26,完結
26,完璧
26,安売り
26,安全
26,安っぽい
26,宅
26,学生
26,嬉しかっ
26,姿
26,始まる
26,妻
26,奥
26,契約
26,失い
26,失
26,大概
26,大抵
26,大幅
26,大型
26,大分
26,大体
26,大事
26,大きめ
26,大
26,夜間
26,夜中
26,多彩
26,多分
26,多けれ
26,多々
26,外見
26,外装
26,外国
26,変
26,売れ
26,壁紙
26,壁
26,報告
26,堪え
26,地
26,圧倒的
26,国産
26,国内
26,困難
26,困る
26,困ら
26,困っ
26,回避
26,回路
26,回数
26,四つ
26,問わ
26,味
26,周波数
26,周り
26,吸込み
26,吸い込ん
26,吸い取る
26,否め
26,向け
26,向き
26,同等
26,同社
26,同乗
26,合格
26,合わ
26,合っ
26,各所
26,右手
26,取扱
26,取得
26,取
26,収集
26,収まっ
26,反射
26,危険
26,危惧し
26,単に
26,半日
26,半
26,化け
26,勿論
26,勧める
26,動け
26,動かす
26,動か
26,勉強
26,効き
26,助かり
26,劣化
26,劣り
26,劣っ
26,割高
26,割れる
26,割り
26,前述
26,前回
26,削除
26,削減
26,刺す
26,制限
26,制
26,到着
26,判断
26,切っ
26,分類
26,分け
26,分かれる
26,出荷
26,出番
26,出来れ
26,具合
26,具
26,共通
26,全面
26,全曲
26,入れれ
26,先行
26,元気
26,傾向
26,備え
26,停止
26,偏り
26,借り
26,保護
26,依存
26,供給
26,使お
26,使い込ん
26,使いこなせ
26,併用
26,作ら
26,余地
26,余り
26,何故
26,何より
26,体
26,伸縮
26,伸び
26,伝え
26,以降
26,以内
26,代金
26,代目
26,代替
26,代
26,付く
26,付
26,他人
26,仕方
26,仕上げ
26,仕上がっ
26,人間
26,人前
26,互換
26,二つ
26,予算
26,予定
26,乗る
26,乗り換える
26,乗り
26,久しぶり
26,主体
26,中央
26,並ん
26,並
26,両立
26,世の中
26,不都合
26,不調
26,不評
26,不親切
26,不可
26,上部
26,上がる
26,丁度
26,丁寧
26,一覧
26,一見
26,一般
26,一目瞭然
26,一目
26,一定
26,ワンルーム
26,ワンタッチ
26,ワイヤレス
26,ロボ
26,レッスン
26,レコーディング
26,リンゴ
26,リリース
26,リモコン
26,ランニング
26,ラフ
26,ライン
26,ヨドバシ
26,モバ
26,メンテナンス
26,メンテ
26,メリハリ
26,マルチメディア
26,マスストレージ
26,ポータブルオーディオプレーヤー
26,ボーカル
26,ボディー
26,ホールド
26,ホームページ
26,ベランダ
26,ベスト
26,ヘタ
26,プロパティ
26,プラスチック
26,ブレ
26,ブランド
26,ブラインド
26,フォルム
26,フェイス
26,ピン
26,ビート
26,ビニール
26,パーツ
26,パネル
26,パッケージ
26,パスワード
26,パイプ
26,バラバラ
26,バグ
26,ハイ
26,ノート
26,ノイズキャンセラー
26,ネットワーク
26,ネジ
26,ナチュラル
26,ドラマ
26,ドア
26,トータル
26,デバイス
26,デジ
26,テーブル
26,チリ
26,チューナー
26,チャンネル
26,チャチ
26,ダサい
26,ダイレクト
26,ダイソン
26,タッチスクリーン
26,タイミング
26,タイマー
26,センス
26,セカンド
26,スロット
26,スピード
26,ステーション
26,ステレオ
26,スタート
26,スター
26,スケジュール
26,スクロール
26,スキップ
26,スイスイ
26,ジャンル
26,シール
26,シルバー
26,シャトル
26,シャツ
26,サーチ
26,サブ
26,サウンド
26,コール
26,コントロール
26,コト
26,ケータイ
26,グレー
26,クルクル
26,クリーン
26,クラス
26,クイックルワイパー
26,キロ
26,キモ
26,キッチン
26,キズ
26,ガンガン
26,カーブ
26,カーソル
26,カー
26,カッコイイ
26,カセットテープ
26,カセット
26,オート
26,オリンパス
26,エンジン
26,エリア
26,エネループ
26,エクスプローラー
26,エアコン
26,ウリ
26,インピーダンス
26,インターネット
26,インター
26,アンプ
26,アン
26,アレルギー
26,アルミ
26,アルファベット
26,アリ
26,アプリ
26,アニメ
26,アイロン
26,アイテム
26,わずか
26,わ
26,ようやく
26,ゆえ
26,やん
26,やる
26,やら
26,やっと
26,やたら
26,もろ
26,もらう
26,ものすごく
26,もつ
26,もってこい
26,もっさり
26,もたつき
26,みれる
26,みよ
26,ほんとに
26,ぶん
26,ぶち込ん
26,びっくり
26,ひどく
26,はやく
26,はや
26,はずし
26,のせ
26,ねぇ
26,に際して
26,に関する
26,にくかっ
26,なー
26,なくなる
26,なおす
26,なおし
26,なおかつ
26,どうぞ
26,どうして
26,とら
26,ともかく
26,ところどころ
26,とことん
26,ときどき
26,とかいう
26,でる
26,つられ
26,つまり
26,つなぎ
26,つながっ
26,つく
26,つかっ
26,ついに
26,っ
26,ちょこっと
26,ちゃい
26,だらけ
26,だし
26,ためし
26,たまり
26,たまっ
26,たち
26,そろそろ
26,それだけ
26,そのもの
26,そのうち
26,そちら
26,ぜんぜん
26,せり
26,すんなり
26,すばらしく
26,すき間
26,じゅうたん
26,じっくり
26,しろ
26,しよう
26,しまわ
26,しまえ
26,しばしば
26,しかた
26,ごみ捨て
26,これら
26,こぼれ
26,こなす
26,こだわる
26,こそ
26,こ
26,くるくる
26,くっつい
26,くださっ
26,きっと
26,きく
26,がっかり
26,がっ
26,かならず
26,かさばら
26,お菓子
26,お出かけ
26,おもい
26,おしゃれ
26,おき
26,え
26,うる
26,いわ
26,いや
26,いとこ
26,いす
26,いじくっ
26,いき
26,あがり
26,〇
26,々
26,■
26,“
26,ω
13,ｗｍｖ
13,ｗｍａ
13,ｗｉ
13,ｗｅｂ
13,ｗａｌｋｍａｎ
13,ｖｅｒｓｉｏｎ
13,ｕｓｂ
13,ｕ
13,ｔｘｔ
13,ｔｈｇｅｒａｒａｔｉｏｎ
13,ｔｅｃｈｎｉｃａ
13,ｔ
13,ｓｉｍｐｌｅｉｓｂｅｓｔ
13,ｓｈａｆｆｌｅ
13,ｓ
13,ｒｄｇｅｒａｒａｔｉｏｎ
13,ｒｄｅｒＨａｒｍｏｎｉｃｓＣｏｍｐｅｎｓａｔｉｏｎ
13,ｐｓ
13,ｐｏｉｎｔ
13,ｐｄｆ
13,ｐａｄ
13,ｐ
13,ｏｋ
13,ｏｆｆ
13,ｎｓｔｅｒｉＣａｒＰｌａｙＷｉｒｅｌｅｓｓＰｌｕｓ
13,ｎｄＮａｎｏ
13,ｎｄ
13,ｍｏｒａ
13,ｍｏｄａｖｉｂｅｖ
13,ｍｍ
13,ｍＷ
13,ｌ
13,ｋｐｓ
13,ｋｅｎｗｏｏｄ
13,ｋｂｓ
13,ｋｂ
13,ｋＨｚ
13,ｊ
13,ｉｔｒｉｐ
13,ｉｒｉｖｅｒ
13,ｉｐｏｄｎａｎｏ
13,ｉｐｏｄｍｉｎｉ
13,ｉｐｏｄｃｌａｓｓｉｃ
13,ｉｐｏｄＳｈｕｆｆｌｅ
13,ｉｐｈｏｎｅ
13,ｉＴｕｎｅｓＭＵＳＩＣ
13,ｉＴｕｍｅ
13,ｉＴＵＮＥ
13,ｉＰｏｄｓｈｕｆｕｌｌ
13,ｉＰｏｄｃｌａｓｓｉｃ
13,ｉＰｏｄＳｈｕｆｆｌｅ
13,ｉＰｏｄＰＨＯＴ
13,ｉＰｏｄＮａｎｏ
13,ｉＰｏｄＨｉ
13,ｉＰＯＤｎａｎｏ
13,ｉＢｏｏｋ
13,ｉＡｕｄｉｏＵ
13,ｉＡｕｄｉｏ
13,ｉＡＵＤＩＯＭ
13,ｉＡＵＤＩＯ
13,ｈｏｌｄ
13,ｇｏｏｄ
13,ｅｎｅｌｏｏｐ
13,ｅ
13,ｄｒｏｐ
13,ｄｏｃｋ
13,ｃｏｗｏｎ
13,ｃｌｉｃｋｗｈｅｅｌ
13,ｃｌｉｃｋ
13,ｃｃ
13,ｂｐｓ
13,ｂ
13,ａｕｄｉｏ
13,ａｓｆ
13,ａ
13,｀
13,＾＾＾＾＾＾＾＾＾＾＾＾＾＾＾＾＾＾＾＾＾＾＾＾
13,Ｚｕｍａ
13,ＺＮ
13,ＺＥＲＯ
13,ＺＥＮｃａｓｔ
13,ＺＥＮＳＴＯＮＥ
13,ＺＥＮＮａｎｏＰｌｕｓ
13,ＺＢ
13,ＹｏｕＴｕｂｅ
13,Ｙａｈｏｏ
13,ＸＶＩＤ
13,ＸＰ
13,Ｗｉｎｄｏｗｓｍｏｂｉｌｅ
13,ＷｉｎｄｏｗｓＸＰＨｏｍｅＥｄｉｔｉｏｎ
13,ＷｉｎｄｏｗｓＸＰ
13,ＷｉｎｄｏｗｓＶｉｓｔａ
13,ＷｉｎｄｏｗｓＰＣ
13,Ｗｉｎａｍｐ
13,Ｗｉ
13,ＷＭＶ
13,ＷＩＺＰＹ
13,ＷＩＮＤＯＷＳ
13,ＷＡＬＫＭＡＮ
13,Ｖｉｓｔａ
13,ＶＭ
13,ＶＬ
13,ＶＡＩＯＰｏｃｋｅｔ
13,Ｕｐ
13,ＵＰ
13,ＵＩ
13,Ｔｒｉｐｏｒｔ
13,Ｔｅｃｈｎｏｌｏｇｙ
13,ＴＷＩＮＢＩＲＤ
13,ＴＵＮＥ
13,ＴＦＴＬＣＤ
13,Ｓｏｕｎｄ
13,ＳｏｎｉｃＳｔａｇｅＣＰ
13,Ｓｋｙｐｅ
13,Ｓｉｍｐｌｅｉｓｂｅｓｔ
13,Ｓｈｕｒｅ
13,Ｓｈｕｆｆｌｅ
13,Ｓａｆａｒｉ
13,ＳＸＱ
13,ＳＶ
13,ＳＴＡＸ
13,ＳＲ
13,ＳＰ
13,ＳＯＮＹＩＣＦ
13,ＳＯ
13,ＳＭＡＰ
13,ＳＩＧＮＥＯＳＮ
13,ＳＩＧＮＥＯ
13,ＳＨＡＲＰ
13,ＳＨ
13,ＳＤＪｕｋｅＢｏｘ
13,ＳＡＣＤ
13,Ｒｏｌｌｙ
13,ＲｉｐＲｅｃ
13,ＲｉｏＵｎｉｔｅ
13,ＲｉｏＣａｒｂｏｎ
13,ＲｅａｌＰｌａｙｅｒ
13,ＲＷ
13,ＲＳＳ
13,ＱＶＧＡ
13,Ｑ＆Ａ
13,Ｑ
13,Ｐｒｏｆｅｓｓｉｏｎａｌ
13,Ｐｏｐ
13,Ｐｏｄｃａｓｔｉｎｇ
13,Ｐｏｄ
13,ＰｏＴ
13,Ｐｌｕｇ
13,ＰＱＩｍＰａｃｋ
13,ＰＯＲＴ
13,ＰＭＰ
13,ＰＤＡ
13,ＰＢ
13,ＯｐｅｎＯｆｆｉｃｅ
13,ＯＳＸＰＳｅｒｖｉｃｅＰａｃｋ
13,ＯＰ
13,ＯＬ
13,Ｏ
13,ＮｉｋｏｎＣＯＯＬＰＩＸＰ
13,Ｎｉｋｅ
13,ＮＷＵ
13,ＮＷＥ
13,ＮＷＡ
13,ＮＯ
13,ＮＨＫ
13,Ｎ
13,ＭｙＭｕｓｉｃ
13,Ｍｕｖｏ
13,Ｍｕｓｉｃ
13,ＭｕＶｏ
13,ＭｅｄｉａＰｌａｙｅｒ
13,Ｍｅ
13,Ｍｂ
13,Ｍａｉｌ
13,ＭａｃＯＳ
13,ＭａｃＢｏｏｋ
13,ＭＷＶ
13,ＭＴＶ
13,ＭＰＥｎｈａｎｃｅ
13,ＭＰＥＧ
13,ＭＯＤＥ
13,ＭＥＮＵ
13,ＭＤＰ
13,ＭＣ
13,ＭＡＰＩＯＦＤ
13,ＭＡＣ
13,Ｌｏｂｊｅ
13,ＬＰ
13,ＬＯＳＳＬＥＳＳ
13,Ｋｏｓｓ
13,Ｋａｓｐｅｒｓｋｙｖ
13,ＫＥＮＷＯＯＤ
13,ＪｅｔＥｆｆｅｃｔ
13,ＪＵＭＥＢＯＸＺＥＮ
13,ＪＰＥＧ
13,ＪＩＳ
13,Ｊ
13,Ｉｔｕｎｅｓ
13,Ｉｒｉｖｅｒ
13,Ｉｐｏｄｎａｎｏ
13,ＩｎｔｅｌｌｉｇｅｎｔＳｈｕｆｆｌｅ
13,ＩＴｕｎｅ
13,ＩＴＵＮＥ
13,ＩＰｏｄｓｈｕｆｆｌｅ
13,ＩＭＡＰ
13,ＩＥＥＥ
13,ＩＣｒｅｃｏｒｄｅｒ
13,Ｈｏｌｄ
13,ＨＵＢ
13,ＨＥＡＤ
13,ＨＤＶ
13,Ｈ２
13,Ｇｂｙｔｅ
13,ＧＯＯＤ
13,ＧＩＧＡＢＥＡＴ
13,ＧＢｙｔｅ
13,Ｆｕｎｋｙ
13,Ｆｒｅｅｍａｉｌ
13,Ｅｘｐｌｏｒｅｒ
13,Ｅｘｐｌｏｒｅ
13,Ｅｎｇｌｉｓｈ
13,ＥＲ
13,ＥＰＧ
13,Ｄｒｕｇ
13,Ｄｒ
13,Ｄｏｃｋ
13,Ｄａｃｋ
13,ＤＳＳＰｌａｙｅｒ
13,ＤＳ
13,ＤＰＬ
13,ＤＯＣＫ
13,ＤＭＥＮＵ
13,ＤＭ
13,ＤＥＮＯＮ
13,ＤＣ
13,ＣｒｅａｔｉｖｅＭｕＶｏＭＩＣＲＯＮ
13,Ｃｌｉｘ
13,Ｃｌａｓｓｉｃ
13,ＣｋｉｃｋＷｈｅｅｌ
13,Ｃｈ
13,ＣＷｉ
13,ＣＳ
13,ＣＲＥＡＴＩＶＥｊｕｋｅｂｏｘｚｅｎ
13,ＣＲＥＡＴＩＶＥＮＯＭＲＤＺｅｎＸＴＲＡ
13,ＣＲ
13,ＣＰ
13,ＣＯＷＯＮｉＡＵＤＩＯＦ
13,ＣＫＨ
13,ＣＤＤＢ
13,ＣＣＣＤ
13,ＣＡ
13,ＢＷｉ
13,ＢＯＳＥ
13,ＢＬＵＥＤＯＴＢＭＰ
13,ＢＬ
13,ＢＧＭ
13,ＢＢＥ
13,ＡｐｐｌｅｉＰｏｄｍｉｎｉ
13,ＡｌｎｅｏＸＡ
13,ＡｉｒＭａｃＥｘｔｒｅｍｅ
13,ＡＶＩ
13,ＡＴ
13,ＡＱＵＯＳ
13,ＡＰＰＬＥ
13,ＡＭＤＸＰ
13,ＡＭＡＺＯＮ
13,ＡＫＧＫ
13,ＡＫＧ
13,＜
13,７月
13,３つ
13,．-!
13,＊
13,（'
13,鼻
13,黒い
13,鳴らす
13,鮮やか
13,魂胆
13,魂
13,高齢
13,高額
13,高級
13,高水準
13,高価
13,高まり
13,高かっ
13,騒ぎ
13,騒い
13,駆け寄っ
13,駅
13,駄作
13,馴染み
13,馴れる
13,馬力
13,首根っこ
13,飼っ
13,飲み物
13,飲み
13,飯粒
13,食指
13,食事
13,食っ
13,飛行機
13,飛びつい
13,飛ばす
13,飛ばし
13,飛ば
13,風通し
13,風呂
13,類似
13,願っ
13,頼ん
13,頼もしい
13,頼む
13,頻発
13,頭抜け
13,頑張ら
13,頑丈
13,順序よく
13,頂けれ
13,響い
13,音読み
13,音程
13,音痴
13,革新
13,面積
13,面白
13,面倒くさい
13,面倒く
13,非力
13,静穏
13,静止
13,静
13,青く
13,露呈
13,電器
13,電化
13,電
13,雲泥の差
13,雰囲気
13,難しかっ
13,雑誌
13,雑
13,集塵機
13,集め
13,隠れ
13,隠し場所
13,隠し
13,障壁
13,随所
13,隅っこ
13,陥る
13,陥り
13,除け
13,除い
13,限度
13,降りる
13,防水
13,防ぐ
13,閲覧
13,関心
13,関わら
13,間倉
13,開放
13,開店
13,開ける
13,開く
13,開い
13,閉開
13,閉口
13,閉め
13,閉まっ
13,長続き
13,長文
13,長押
13,長け
13,長かっ
13,長々
13,鏡
13,鍵
13,鍋
13,銀色
13,鈍い
13,針
13,金持ち
13,金属
13,金
13,野郎
13,野暮ったい
13,重たく
13,重たい
13,重き
13,重かっ
13,醍醐味
13,酷評
13,酷く
13,酷
13,配慮
13,配布
13,配列
13,配信
13,配っ
13,都度
13,都
13,部位
13,邦楽
13,避け
13,選りすぐっ
13,選ば
13,遭い
13,適切
13,適え
13,適
13,遥か
13,遣っ
13,遠方
13,遠出
13,遠く
13,遠
13,違法
13,達成
13,道
13,過大
13,過剰
13,運用
13,運
13,遅ればせながら
13,逸る
13,進める
13,週末
13,連結
13,連打
13,連動
13,連
13,速かっ
13,通路
13,通説
13,通信
13,通る
13,通じ
13,途絶え
13,途端
13,途方
13,逆さ
13,送風
13,送料
13,送付
13,送り返す
13,送り返し
13,送ら
13,送っ
13,迷わ
13,述べ
13,迫っ
13,返金
13,返信
13,近辺
13,近々
13,辟易
13,辞書
13,辛く
13,輪郭
13,輩
13,軽けれ
13,軽かっ
13,転げ落ち
13,転がっ
13,転がせる
13,転がせ
13,転がす
13,転がし
13,車載
13,車中
13,車両
13,身体
13,身
13,踏んづけ
13,踏ん
13,踏み切れ
13,踏まえる
13,踏まえ
13,足りる
13,足らず
13,足ら
13,足せ
13,足
13,越える
13,越え
13,超える
13,起こす
13,起きる
13,走る
13,赤ちゃん
13,赤い
13,贈り物
13,贅沢
13,質素
13,質問
13,賛成
13,賛否
13,資産
13,貸す
13,買える
13,買い替えよ
13,買い換えろ
13,買い換える
13,貴方
13,貰う
13,貰い物
13,販売元
13,貧弱
13,負け惜しみ
13,豊富
13,豊か
13,警告
13,謳っ
13,謳い文句
13,講義
13,調度
13,調子
13,調
13,課さ
13,読める
13,読み込ん
13,読み込む
13,説得
13,誕生
13,認め
13,誇大
13,詳細
13,該当
13,詰め込ん
13,詰め込む
13,詰まる
13,試聴
13,試作
13,試み
13,試す
13,訴える
13,許容
13,許さ
13,設け
13,記載
13,記念
13,記号
13,訓練
13,計画
13,計測
13,言語
13,言うまでもなく
13,言うまでもない
13,言い過ぎ
13,触覚
13,触手
13,触れ込み
13,触れる
13,触り
13,解除
13,解説
13,解約
13,解る
13,角度
13,観る
13,親切
13,覚め
13,覚える
13,視覚
13,視点
13,規格
13,見通せる
13,見送っ
13,見舞わ
13,見易く
13,見方
13,見当たら
13,見劣り
13,見よ
13,見やすく
13,見やすい
13,見つける
13,見せる
13,要領
13,要点
13,要因
13,要り
13,要ら
13,要は
13,要する
13,要し
13,製造
13,補完
13,補助
13,裏切ら
13,裏付け
13,装置
13,裂く
13,被害
13,表し
13,行わ
13,行なわ
13,行ける
13,行け
13,行き届い
13,行か
13,行える
13,蠅
13,融通
13,蛍光
13,蛇腹
13,虜
13,蔵
13,蓄積
13,蒸気
13,著作
13,落下
13,落とさ
13,荒い
13,苦言
13,苦労
13,苦しみ
13,若年
13,若い
13,芸当
13,芯
13,舞わ
13,舞う
13,舞い上がる
13,興ざめ
13,致命
13,致し方
13,至る
13,至って
13,自社
13,自室
13,自前
13,自信
13,臨場
13,膨大
13,腱鞘炎
13,脳みそ
13,脅かす
13,脂
13,背景
13,背広
13,肥え
13,肌
13,聴こえる
13,聴
13,聞こ
13,聞き取れ
13,聞き分ける
13,聞きあき
13,耳障り
13,耐える
13,考え方
13,老眼
13,習っ
13,群
13,置く
13,置き場
13,繰り出し
13,繋げる
13,繋げ
13,繋がっ
13,繋が
13,繊細
13,縮小
13,縦長
13,緩ん
13,線
13,緑色
13,緑
13,総じて
13,緊急
13,緊張
13,綿
13,網羅
13,続行
13,続出
13,続く
13,続い
13,継続
13,継ぎ手
13,絶大
13,絶命
13,給電
13,絡まる
13,絡まり
13,絞り出し
13,絞り
13,絞っ
13,結論
13,結婚
13,結び付い
13,結びつい
13,結ば
13,経緯
13,経理
13,経つ
13,組み込み
13,組み立
13,組み直し
13,組み直さ
13,組
13,終わろ
13,終わる
13,終
13,細長い
13,細部
13,細切れ
13,細けれ
13,細く
13,素材
13,素晴らしく
13,紛失
13,紛らわしい
13,純粋
13,純正
13,精細
13,精米
13,精密
13,粗大
13,粒子
13,粒
13,米国
13,簡略
13,管
13,筐
13,筈
13,筆者
13,笠
13,笑える
13,笑い
13,端的
13,立派
13,立体
13,立てる
13,立ち返り
13,立ち上がり
13,立
13,窓
13,突き放し
13,空間
13,空港
13,空か
13,空い
13,究極
13,積極
13,稼動
13,種々
13,種
13,稀有
13,移行
13,移せ
13,移し
13,秘密
13,秘め
13,秀で
13,祝い
13,祖母
13,社外
13,確保
13,確かめる
13,確
13,破損
13,破れ
13,研修
13,砂利
13,砂
13,短時間
13,短所
13,短め
13,短けれ
13,知る
13,知り合い
13,矢印
13,着る
13,着せ
13,着く
13,着
13,眺め
13,眠る
13,真横
13,真剣
13,真価
13,真上
13,真っ黒い
13,真っ黒
13,真っ直ぐ
13,真っ先
13,看板
13,省略
13,相手
13,相変わらず
13,直角
13,直線
13,直径
13,直射
13,直る
13,直り
13,直せ
13,直す
13,直ぐ
13,目立っ
13,目盛り
13,目玉
13,目指し
13,目当て
13,目安
13,盤
13,盛りだくさん
13,盗難
13,盗ま
13,皆様
13,白い
13,登録
13,登場
13,発音
13,発覚
13,発見
13,発表
13,発想
13,痺れる
13,痛く
13,症
13,疲れる
13,疑念
13,疑わ
13,疎遠
13,異常
13,異なり
13,番目
13,留める
13,画竜点睛
13,画期的
13,画し
13,画い
13,画
13,町中
13,男性
13,申せ
13,生粋
13,生じ
13,甚だしい
13,甚だ
13,甘かっ
13,甘い
13,甘
13,現に
13,玩具
13,猛烈
13,狭く
13,狭い
13,独創
13,狙っ
13,狂気
13,状
13,犬
13,犠牲
13,物色
13,物置
13,物凄く
13,片方
13,片付ける
13,片付け
13,片っ端
13,爽快
13,父
13,爆音
13,爆発
13,燃費
13,燃える
13,煩わしい
13,煩い
13,焦る
13,焦げる
13,無音
13,無理矢理
13,無印
13,無償
13,無くなり
13,無くなっ
13,無くし
13,無かっ
13,無
13,点滅
13,灯
13,漬け
13,漢字
13,演奏
13,漏れる
13,漏らし
13,滑らす
13,滑らか
13,滑っ
13,溝
13,溜め込ん
13,溜め
13,溜まり
13,溜まっ
13,準備
13,満ち
13,満たす
13,湿布
13,湯たんぽ
13,温
13,減ら
13,済ませよ
13,済まさ
13,混同
13,深夜
13,深み
13,淡い
13,涼しい
13,消灯
13,消滅
13,消せ
13,消しゴム
13,消える
13,浸る
13,浴び
13,浮かん
13,浮かば
13,浮い
13,浅い
13,流行り
13,流す
13,派手
13,活かせ
13,洗面
13,洗浄
13,洗い物
13,洋楽
13,泣ける
13,泣き寝入り
13,泣
13,法律
13,法
13,決める
13,決し
13,汚れる
13,汚らしい
13,汚らし
13,汚
13,求め
13,気温
13,気持ちよく
13,気品
13,気付き
13,気に入れ
13,気づい
13,毛髪
13,比較的
13,比べれ
13,毎週
13,母親
13,殺風景
13,殴っ
13,残像
13,残り
13,残し
13,歩け
13,歩く
13,歩い
13,歩
13,正月
13,正に
13,正しい
13,止む
13,歌詞
13,歌手
13,歌っ
13,欲張り
13,欲しく
13,次回
13,次元
13,次世代
13,次々
13,欠陥
13,欠落
13,欠損
13,欠如
13,欠ける
13,欠け
13,欠く
13,欠か
13,欠い
13,機構
13,機材
13,樹脂
13,横向き
13,権
13,模索
13,様式
13,概ね
13,楽ちん
13,楽しく
13,極端
13,業務
13,楊子
13,検査
13,椅子
13,棒
13,案外
13,桁
13,格闘
13,格納
13,格
13,根性
13,株式
13,柔らか
13,染め
13,某社
13,某国
13,枠
13,林檎
13,松
13,杯
13,来月
13,来年
13,杓子
13,材質
13,材料
13,本題
13,本音
13,本質
13,本格
13,本末転倒
13,末
13,未来
13,未だ
13,期間
13,望め
13,望ま
13,服装
13,有難う
13,有償
13,有り難い
13,月額
13,月
13,最良
13,最小限
13,書込み
13,書こ
13,書き込める
13,曲者
13,曲線
13,曲げ
13,曲がる
13,曰く
13,暴落
13,暴挙
13,暇
13,景品
13,時代遅れ
13,春
13,映る
13,映り
13,映っ
13,映し出し
13,映え
13,明示
13,明確
13,明朝
13,明日
13,明る
13,明け
13,昇天
13,早起き
13,早かっ
13,早々
13,早
13,旨
13,日本人
13,日付
13,旋風
13,方向
13,新聞紙
13,新幹線
13,新婚
13,新しく
13,断念
13,斬新
13,斜め
13,料金
13,料
13,文章
13,敷物
13,敷布団
13,敷く
13,数社
13,数々
13,散る
13,散らばる
13,散らす
13,教え
13,故意
13,放題
13,放置
13,放映
13,改めて
13,支払う
13,擦れる
13,撮れる
13,撮っ
13,携
13,損なわ
13,揺れ
13,握れ
13,握っ
13,換える
13,換え
13,提示
13,提供
13,提げ
13,揃える
13,揃え
13,揃う
13,掻き込む
13,掻き出す
13,掴み
13,推奨
13,推す
13,控え
13,接触
13,接着
13,探そ
13,探し求め
13,探し当てる
13,掛け布団
13,掛から
13,掛かっ
13,排除
13,排ガス
13,授業
13,掃き掃除
13,据え置き
13,据え
13,捨てろ
13,捉え
13,挿す
13,挿さ
13,振れる
13,振り
13,挑む
13,指示
13,指摘
13,指向
13,指先
13,持久
13,持と
13,持ち込み
13,持ち歩ける
13,持ち帰っ
13,持ち出せる
13,持ち出す
13,持ち出し
13,持ち主
13,拾っ
13,拭き掃除
13,拭き
13,拡大
13,拘る
13,拘ら
13,拍手
13,押せる
13,押せ
13,押し込む
13,押し込み
13,押し付け
13,押さえ
13,押さ
13,抵抗
13,抜け落ち
13,抜か
13,抜い
13,折れ曲がり
13,折れる
13,把握
13,技師
13,扱う
13,払わ
13,払う
13,打てる
13,打っ
13,打ち込み
13,手首
13,手順
13,手間取り
13,手間取っ
13,手段
13,手書き
13,手当
13,手帳
13,手ぶら
13,手のひら
13,扇
13,所詮
13,所々
13,戻る
13,戻ら
13,戻せ
13,戻す
13,戸惑う
13,戸惑い
13,成立
13,成熟
13,成り立っ
13,憤り
13,憎い
13,慣れ親しん
13,慣れれ
13,感激
13,感性
13,感心
13,感じ取っ
13,愛着
13,愛で
13,愛さ
13,愛
13,意味合い
13,惜しい
13,悪運
13,悪し
13,悪かろ
13,悩む
13,悩まさ
13,悔しい
13,息子
13,息
13,恐ろしい
13,恐らくは
13,怪しい
13,急速
13,急
13,思わず
13,思い切り
13,思い出せる
13,思い出せ
13,思い出し
13,思いの外
13,思いとどまり
13,思いつき
13,怖く
13,怒っ
13,忽ち
13,念願
13,念頭
13,快感
13,応える
13,忙しい
13,忘年会
13,忍耐
13,必死
13,必ずしも
13,心地よかっ
13,心
13,微細
13,微粒子
13,復元
13,得意
13,得度
13,得る
13,後釜
13,後部
13,後者
13,後継
13,後発
13,後日
13,後戻り
13,後回し
13,後々
13,待機
13,待て
13,役立っ
13,役に立っ
13,形状
13,当機
13,当たり
13,当
13,強調
13,強弱
13,強化
13,強め
13,張り
13,張っ
13,弱め
13,弟
13,引退
13,引っ込ん
13,引け
13,引く
13,引き立た
13,引き換え
13,引き抜く
13,引き延ばす
13,引き出し
13,引き下げ
13,引い
13,廻り
13,延々と
13,廃棄
13,廃
13,庫
13,座席
13,座っ
13,度重なる
13,度肝
13,底面
13,底なし
13,底
13,広範囲
13,広
13,幾つ
13,幼稚園
13,幼稚
13,年老い
13,平行
13,平米
13,平均
13,平仮名
13,平ら
13,幅広く
13,帽子
13,常識
13,常設
13,常備
13,帰宅
13,帯電
13,帯域
13,帯び
13,席
13,巻き返し
13,巻き込む
13,巻き
13,巷
13,差額
13,差異
13,差せ
13,差し込め
13,差し支え
13,差し引い
13,巨大
13,左手
13,工面
13,工学
13,工夫
13,嵩張る
13,嵐
13,層
13,属性
13,屋
13,届け
13,届か
13,尽きる
13,少な
13,小銭
13,小遣い
13,小走り
13,小物
13,小文字
13,尋常
13,将来
13,封印
13,対極
13,対処
13,寸胴
13,寧ろ
13,寝室
13,寝る
13,密閉
13,密接
13,寄せ
13,宿命
13,家中
13,害さ
13,宣言
13,実質
13,実装
13,実現
13,実機
13,実力
13,実働
13,実に
13,実
13,宝探し
13,定期
13,定価
13,安上がり
13,安め
13,安っぽく
13,安っぽかっ
13,安かろ
13,守っ
13,学習
13,学校
13,季節
13,字幕
13,字
13,嫌気
13,媒体
13,娘
13,威力
13,姿勢
13,始まっ
13,妥当
13,妙
13,好評
13,好感
13,好ましく
13,好き嫌い
13,奴
13,女
13,奮発
13,奏で
13,失礼
13,夫婦
13,夫
13,太陽
13,太め
13,天気
13,大雑把
13,大阪
13,大破
13,大文字
13,大手
13,大差
13,大学
13,大半
13,大会
13,大人しく
13,大人
13,大き目
13,夢
13,多量
13,多め
13,外周
13,外れる
13,外そ
13,夏場
13,変動
13,変則
13,変わっ
13,売却
13,売価
13,売上げ
13,売る
13,売り切り
13,売
13,声量
13,壊滅
13,壊れろ
13,壊れれ
13,壊れる
13,壊し
13,増やす
13,増し
13,増
13,填
13,塞ぐ
13,塗装
13,堺
13,堪能
13,堅く
13,堅い
13,堂々
13,基準
13,埋める
13,埋まる
13,垣間見
13,地獄
13,地域
13,地図
13,地味
13,地上波
13,在住
13,土足
13,囲み
13,回り
13,回す
13,回し
13,四角く
13,四方八方
13,四捨五入
13,器
13,噂
13,嘆い
13,喜ん
13,喜ばしい
13,啓発
13,問合せ
13,商売人
13,唸り
13,唸っ
13,員
13,品薄
13,品切れ
13,品位
13,呼ん
13,呼び起こす
13,呼ば
13,味付け
13,味わい
13,呈し
13,吹け
13,吹き飛ん
13,吹き飛ばし
13,吹き出る
13,吹き付け
13,吸込ま
13,吸込
13,吸着
13,吸口
13,吸入
13,吸い込める
13,吸い殻
13,吸い取っ
13,吸い出す
13,吸
13,向ける
13,向かわ
13,吐き出し
13,吐き出さ
13,名称
13,名物
13,名刺
13,同時に
13,同時
13,同感
13,同居
13,同上
13,同じく
13,同じ
13,合わせれ
13,合せ
13,各種
13,各国
13,右側
13,台詞
13,台所
13,可逆
13,可愛らしい
13,可愛く
13,可愛かっ
13,可愛い
13,可変
13,可
13,只
13,叩い
13,古く
13,受診
13,受付
13,受け付け
13,取込み
13,取付け
13,取る
13,取り込める
13,取り敢えず
13,取り換え
13,取り巻く
13,取り外す
13,取り外し
13,取り回し
13,取り出す
13,取り出し
13,取り付け
13,取り上げ
13,取りこぼし
13,取っ手
13,収録
13,収容
13,収まり
13,反映
13,反復
13,反し
13,双方
13,友人
13,友
13,及第
13,及び
13,及ば
13,参加
13,参り
13,厳密
13,原点
13,原付
13,厚
13,厄介
13,即
13,危機
13,危ない
13,危うく
13,印字
13,単純
13,単体
13,卒業
13,半減
13,半永久
13,半人前
13,半ば
13,十字
13,区別
13,区切る
13,化し
13,包装
13,匂い
13,勧
13,募る
13,勝る
13,勝て
13,勝っ
13,動く
13,動かし
13,効く
13,効き目
13,労力
13,助手
13,劣ら
13,加減
13,加工
13,力強
13,劇的
13,割合
13,割り切れれ
13,割り切る
13,割り切り
13,割い
13,剥き出し
13,剥がれ
13,剤
13,前者
13,前半
13,刺し
13,制約
13,制御
13,到底
13,利点
13,利便
13,別物
13,別け
13,判明
13,判定
13,判別
13,判り
13,判ら
13,判っ
13,初日
13,初もの
13,初め
13,列挙
13,列
13,切替
13,切断
13,切り落とし
13,切り替わら
13,切り捨て
13,切り忘れる
13,分厚く
13,分厚
13,分別
13,分ら
13,分かれ
13,出逢っ
13,出演
13,出来栄え
13,出来ん
13,出掛け
13,出会っ
13,出会い
13,出れ
13,出そ
13,出せる
13,出せ
13,出かけ
13,処
13,凝縮
13,凄く
13,凄
13,写り
13,写せる
13,写す
13,冗談
13,再開
13,再現
13,冊子
13,内訳
13,内側
13,兼ね
13,共用
13,共有
13,共振
13,公開
13,公認
13,公表
13,全般
13,全米
13,全社
13,入れ替えれ
13,免じ
13,克服
13,光沢
13,光る
13,光ら
13,光っ
13,光
13,先頭
13,先鋭
13,先進
13,先生
13,先決
13,元通り
13,元々
13,優越
13,優柔不断
13,優位
13,優しい
13,億劫
13,働き
13,僅か
13,傾げ
13,備わっ
13,備える
13,偽り
13,偶然
13,偉大
13,値下げ
13,値上げ
13,値上がり
13,値する
13,倒れる
13,倒し
13,個室
13,個別
13,個体
13,修正
13,信者
13,信用
13,信じ
13,保ち
13,促す
13,侵害
13,依然として
13,例外
13,例え
13,例
13,使命
13,使い道
13,使い込め
13,使いこなす
13,併せ
13,作曲
13,作り上げ
13,余韻
13,余談
13,余程
13,余力
13,余分
13,余りに
13,何故か
13,何ら
13,何とも
13,何でもかんでも
13,体力
13,住ん
13,住まい
13,低質
13,低下
13,低く
13,位置づけ
13,似合い
13,伺える
13,伴奏
13,伝わる
13,会話
13,企画
13,企業
13,任意
13,仲間
13,以来
13,代え
13,付近
13,付着
13,付け替える
13,仕舞っ
13,仕舞う
13,仕分け
13,仕入れ
13,仕事場
13,仕上がり
13,仕え
13,介入
13,今風
13,今時
13,今一
13,今や
13,今ひとつ
13,今どき
13,仇
13,人気
13,人受け
13,人並み
13,交通
13,些か
13,五月
13,五つ
13,云々
13,事項
13,事足り
13,事業
13,事務
13,事前
13,予測
13,予期
13,予報
13,予備
13,了承
13,亀
13,乾電池
13,乾性
13,乾く
13,乾かす
13,乱文
13,乱れ
13,乗換え
13,乗り過ごし
13,乗り切ろ
13,乗っ取っ
13,乗っかっ
13,乗っ
13,乗せ
13,久々
13,主として
13,丸ごと
13,中高
13,中途半端
13,中継
13,中味
13,並行
13,並べ換え
13,並べる
13,並べて
13,並べ
13,並び
13,両論
13,世間
13,世辞
13,与える
13,不運
13,不自然
13,不細工
13,不気味
13,不慣れ
13,不快
13,不幸
13,不完全
13,不在
13,不向き
13,不可欠
13,下部
13,下調べ
13,下取り
13,下げれ
13,下げ
13,下がり
13,下がっ
13,上限
13,上書き
13,上手
13,上品
13,上位
13,上げれ
13,上げる
13,上がり込む
13,上々
13,丈夫
13,万端
13,一長一短
13,一連
13,一言
13,一苦労
13,一色
13,一致
13,一線
13,一種
13,一瞬
13,一気に
13,一時
13,一旦
13,一方
13,一括
13,一息
13,一々
13,ーー
13,・・ホシ
13,ヵ月
13,ワード
13,ワーク
13,ワンセグメイン
13,ワンセグオプション
13,ワンセグウォークマン
13,ワン
13,ワット
13,ワクワク
13,ロード
13,ロングプレイ
13,ロングバッテリーライフ
13,ロボット
13,ロビー
13,ロス
13,ロゴ
13,レヴェル
13,レンジ
13,レジ
13,レザー
13,レコード
13,ルーム
13,ルート
13,ルック
13,リール
13,リード
13,リーズナブル
13,リムーバブルディスク
13,リマ
13,リピート・シャッフル
13,リニューアル
13,リッピング
13,リチュームイオン
13,リチウム
13,リスニング
13,リコール
13,リオ
13,ランク
13,ラジカセ
13,ラグマット
13,ラグビーボール
13,ラクラク
13,ライブラリー
13,ライブラリ
13,ライフ
13,ライター
13,ヨーロッパ
13,ユーザーインターフェイス
13,ユー
13,ユルユル
13,ユニット
13,ューブ
13,ヤマハ
13,ヤカン
13,モーラ
13,モロ
13,モバイル
13,モノラル
13,モニター
13,モデルチェンジ
13,モップ
13,メーラー
13,メーラ
13,メロディ
13,メモリオーディオプレーヤー
13,メトロノーム
13,メタリック
13,ミリ
13,ミュージックブラウザ
13,ミュージックフォルダ
13,ミニマリズム
13,ミニマム
13,ミックス
13,ミゾ
13,ミス
13,マンション
13,マルチタッチ
13,マルチ
13,マメ
13,マネージャ
13,マニア
13,マツ
13,マップ
13,マッチ
13,マック
13,マッキントッシュ
13,マシン
13,マグネット
13,マガジンラック
13,マイスターシリーズ
13,マイクロソフト
13,マイ
13,ポーチ
13,ポータロー
13,ポータブルマルチプレーヤー
13,ポータブルプレーヤ
13,ポータブルデジタルオーディオ
13,ポーズ
13,ポンポンッ
13,ポンコツ
13,ポン
13,ポロッ
13,ポルトガル
13,ポップス
13,ポッドキャスト
13,ポッカリ
13,ポイ
13,ボール
13,ボー
13,ボユーム
13,ボックス
13,ボタンレイアウト
13,ボク
13,ボイスレコーダ
13,ホーム
13,ホント
13,ホラー
13,ホテル
13,ホット
13,ホッ
13,ホスト
13,ホウキ
13,ペース
13,ページ
13,ペン
13,ペット
13,ペイ
13,ペ
13,ベルト
13,ベストチョイス
13,ヘッドフォンジャック
13,ヘアードライヤー
13,プータブルオーディオ
13,プレ
13,プリセットイコライザー
13,プリウス
13,プラスティック
13,プラクチック
13,プライベート
13,ブート
13,ブレナイ
13,ブレス
13,ブルー
13,ブランク
13,ブラウン
13,ブラウジング
13,ブラウザモード
13,ブツッ
13,ブック
13,ブオォン
13,フロー
13,フロイド
13,フレーム
13,フレコミ
13,フレキホース
13,フランス語
13,フラット
13,フチ
13,フォント
13,フォルダ・
13,フィーバー
13,フィルタ
13,フィル
13,フィリップス
13,フィット
13,フィジカル
13,ファンクション
13,ファン
13,ファミリー
13,ファット
13,ファッション
13,ピッタリ
13,ビーズ
13,ビンゴ
13,ビル
13,ビデオポッドキャスト
13,ビクター
13,ヒント
13,ヒマ
13,ヒット
13,ヒアリング
13,パープル
13,パートナー
13,パフォーマンス
13,パナソニック
13,パッ
13,パチ
13,パズル
13,パス
13,パシャパシャ
13,パイプライン
13,バージョン
13,バンドイコライザー
13,バンド
13,バラエティー
13,バラ
13,バックアップ
13,バクチ
13,バイク
13,ハードル
13,ハードウェア
13,ハンディークリナー
13,ハング
13,ハンカチ
13,ハマリ
13,ハマり
13,ハマっ
13,ハブ
13,ノンストップ
13,ノウハウ
13,ノイズキャンセラ
13,ノイキャン
13,ノ
13,ネーミング
13,ネットウォークマン
13,ネクタイ
13,ネオ
13,ヌカ
13,ニュース
13,ニュアンス
13,ニッカド
13,ナノ
13,ナップ
13,ナス
13,ナシ
13,ドーム
13,ドン
13,ドレス
13,ドル
13,ドラッグアンドドロップ
13,ドック
13,ドキュメント
13,ドキュメンタリー
13,トランプ
13,トラック
13,トップ
13,トコ
13,トイレ
13,データ通信
13,データ・フォルダ
13,デモ
13,デメリット
13,デフォ
13,デビュー
13,デッキ
13,デスク
13,デジタルオーディオプレーヤー
13,デジタルオーディオプレーヤ
13,ディテイル
13,ディスカバリー
13,テーマ
13,テロップ
13,テレビ神奈川
13,テレビ東京
13,テスト
13,テクノロジー
13,テイ
13,テ
13,ツール
13,ツリー
13,ツボ
13,ックホーイール
13,チープ
13,チン
13,チョコ
13,チューニング
13,チューインガム
13,チップ
13,チェンジ
13,ダラダラ
13,ダブる
13,ダブつい
13,ダニ
13,ダクト
13,ダイレクトレコーディング
13,ダイナミックノーマライザ
13,ダイナミック
13,タンク
13,タン
13,タムタム
13,タップリ
13,タッチホイール
13,タオル
13,タイヤ
13,ソース
13,ソフトバンク
13,セント
13,センサー
13,セロテープ
13,セレクト
13,セレクション
13,セダン
13,セグメント
13,ズレ
13,ズルイ
13,ズシッ
13,スーパー
13,スー
13,スリープモード
13,スリープボタン
13,スマート
13,スポスポ
13,スペース
13,スピーカ
13,スバラシイ
13,ストロングユニット
13,ストレージ
13,ステータス
13,ステンレス
13,ステキ
13,ステ
13,スチーム
13,スタミナ
13,スタイラスペン
13,スゴ
13,スキン
13,スキル
13,スキマノズル
13,スイング・タッチ
13,スイッチオン
13,ジーパン
13,ジョブス
13,ジョグレバー
13,ジョグダイヤル
13,ジャパン
13,ジャズ
13,ジャ
13,ジム
13,ジッポライター
13,ジェット
13,シーン
13,シーツ
13,シンセ
13,シンクロ
13,ショートカット
13,ショー
13,ショボイ
13,ショボ
13,ショコラ
13,ショウ
13,シャー
13,シャワー
13,シャリシャリ
13,シャットアウト
13,シッカリ
13,ザワザワ
13,ザラザラ
13,サービス
13,サー
13,サンヨー
13,サンプル
13,サンバイザー
13,サラリーマン
13,サッシ
13,サッカー
13,サイド
13,サイクロンクリーナ
13,サイクリング
13,サ
13,ゴールド
13,ゴムパッキン
13,ゴツイ
13,ゴクゴク
13,コーナー
13,コードレスハンディーサイクロンクリーナー
13,コンピューター
13,コンピュータ
13,コンパイル
13,コントラスト
13,コンタクト
13,コンコン
13,コラボ
13,コマンド
13,コストパホーマンス
13,コイン
13,コア
13,グルグル
13,グリップ
13,グリグリ
13,グラム
13,グラフィック
13,グラグラ
13,グット
13,グッズ
13,クール
13,クレー
13,クルマ
13,クリ
13,クラシック
13,クッキー
13,クタクタ
13,クセ
13,クオリティー
13,クオリティ
13,クイック
13,ク
13,ギリギリ
13,ギャプレス
13,ギター
13,ギア
13,キンキラ
13,キラー
13,キラキラ
13,キュート
13,キャビネット
13,キャップ
13,キツイ
13,ガラガラ
13,ガマン
13,ガッ
13,ガタゴト
13,ガタ
13,ガス
13,ガイド
13,ガ
13,カートリッジ
13,カーステレ
13,カーステ
13,カーカセットアダプター
13,カーオディオ
13,カルチャーショク
13,カラフル
13,カメラ
13,カフェ
13,カビ
13,カナル
13,カッコ
13,カチカチ
13,カタログスペック
13,カタログ
13,カタカナ
13,カセットウォークマン
13,カスタマーセンター
13,カスタマーサービス
13,カスタマイズ
13,カス
13,カジュアル
13,カク
13,オーディオテクニカ
13,オン
13,オレ
13,オリジナル
13,オネウチ
13,オキシジェン
13,オイル
13,エンディング
13,エンターテイメント
13,エンコーダ
13,エンコ
13,エレベーター
13,エレコム
13,エレクトロラックス
13,エフェクター
13,エディター
13,エクセルファイル
13,エキスプローラ
13,エアータービンブラシ
13,エアー
13,ウェブブラウジング
13,ウェブアクセス
13,ウインドシンセ
13,ウインドウズメディアプレーヤー
13,ウインドウズメディアプレイヤー
13,ウィーク
13,ウィンドウズメディアプレーヤー
13,ウィンドウズメディアプレイヤー
13,ウィンドウズ
13,ウィンドウ
13,インプット
13,インナーイヤーヘッドホン
13,インテリア
13,インチフルスペック
13,インダストリアル
13,インタビュー
13,インストーラ
13,インサイド
13,イン
13,イレギュラー
13,イラコイザ
13,イヤホンジャック
13,イヤフォンジャック
13,イマイチ
13,イニシャル
13,イッセーミヤケ
13,イタリア
13,イコライズ
13,イエロー
13,イアホン
13,アームバンドホルダ
13,アーム
13,アート
13,アルミニウム
13,アルゴリズム
13,アルカリ
13,アル
13,アメリカ
13,アマゾン
13,アフターケア
13,アピール
13,アナタ
13,アナウンス
13,アトピー
13,アップルロスレス
13,アップルストア
13,アタリ
13,アコースティック
13,アクセス
13,アクション
13,アカウント
13,アウトロー
13,アウト
13,アイポット
13,アイディア
13,アイチューン
13,わるく
13,わりに
13,わっ
13,わずらわしく
13,わがまま
13,ろ
13,る
13,らし
13,らい
13,よろしく
13,よろしい
13,よれ
13,よほど
13,よせる
13,よせつけ
13,よくっ
13,ゆるく
13,ゆる
13,ゆがむ
13,ゆうせ
13,ゆう
13,やり直し
13,ややこし
13,やめ
13,やばい
13,やっとこ
13,やっかい
13,やさしい
13,もろい
13,もらわ
13,もらい物
13,もらい
13,ものすごい
13,もどき
13,もどかしい
13,もとより
13,もと
13,もっぱら
13,もた
13,もしか
13,もうすぐ
13,めんどい
13,めったに
13,めった
13,めちゃくちゃ
13,めし
13,めぐり
13,むろん
13,むりっぽい
13,むずむず
13,むき出し
13,みんな
13,みれ
13,みつかり
13,まわら
13,まるっきり
13,まるい
13,まめ
13,まみれる
13,まみれ
13,まどう
13,まつわりつき
13,まつ
13,またもや
13,またまた
13,まぜ
13,まずい
13,まして
13,まさか
13,まくる
13,まき
13,まかせ
13,ぼやけ
13,ほんと
13,ほしく
13,べし
13,べく
13,へぼ
13,ぷよぷよに
13,ぷっ
13,ぶら
13,ぶつ切り
13,ぶつけ
13,ぶっ
13,ふまえ
13,ふとん
13,ふと
13,ふてる
13,ふつう
13,ふた
13,ふさい
13,ふう
13,びましたが
13,びっしょり
13,びく
13,ひやひや
13,ひと月
13,ひっそり
13,ひっくり返っ
13,ひっくり返し
13,ひっかかる
13,ひくい
13,ひか
13,ひ
13,ぱっと
13,ぱ
13,ばらつき
13,ばらさ
13,ばっち
13,ばっかり
13,はるか
13,はめ
13,はみ出し
13,はみ出
13,はみ
13,はまり
13,はっ
13,はずせる
13,はずせ
13,はずす
13,はずさ
13,はじめ
13,はじまり
13,はくそ
13,はかっ
13,はか
13,はいる
13,はい
13,のち
13,のぞい
13,ねー
13,ねっ
13,ねだり
13,ぬ
13,に当たる
13,に対し
13,にわたって
13,につき
13,における
13,にあたり
13,なんのその
13,なんだかんだ
13,なれる
13,なりたっ
13,ならでは
13,なやましい
13,なみ
13,なにぶん
13,なにせ
13,なそ
13,なじめ
13,なじみ
13,なさい
13,なくさ
13,なきゃ
13,なか
13,なおせ
13,どー
13,どなた
13,どっしり
13,どうやら
13,どうにか
13,どうせ
13,どうこう
13,とる
13,とりこ
13,とり
13,とらわれ
13,とやかく
13,とまどっ
13,とば
13,とともに
13,とっ
13,とこ
13,ときゃ
13,てら
13,づらかっ
13,つり
13,つや消し
13,つまみ
13,つぶし
13,つばさ
13,つなげる
13,つながら
13,つて
13,つつ
13,つっかかっ
13,つけよ
13,つくり
13,つぎ
13,つきあい
13,つかめ
13,つか
13,ついで
13,ついてる
13,ついて
13,っぽく
13,っけ
13,ちょん
13,ちょっぴり
13,ちょこちょこ
13,ちょい
13,ちょ
13,ちゃち
13,ちと
13,ちっちゃい
13,ちく
13,ちがう
13,ちい
13,ち
13,だんだん
13,だれ
13,だらだら
13,だの
13,だす
13,だいぶ
13,たれ
13,たる
13,たより
13,ためらっ
13,たまたま
13,たぶん
13,たびたび
13,たどり着い
13,たつ
13,たって
13,たった今
13,たっ
13,ただいま
13,たしかに
13,たしか
13,たし
13,たか子
13,たかい
13,たえ
13,そん
13,そろっ
13,そろえ
13,それ程
13,そもそも
13,そば
13,その間
13,そっち
13,ぜんそく
13,せっせと
13,せっかく
13,せかさ
13,ずれ
13,ずらさ
13,ずっしり
13,ずいぶん
13,すばらしさ
13,すっごく
13,すっ
13,すす
13,すさまじい
13,すさ
13,すご
13,すぐれ
13,すくな
13,すいすい
13,じゃん
13,じゃっか
13,じつは
13,じする
13,しんどい
13,しょぼい
13,しょっちゅう
13,しょうが
13,しゃべる
13,しゃべり
13,しまお
13,しだい
13,ざっと
13,ざ
13,さわる
13,さわっ
13,さまざま
13,さっぱり
13,さっさと
13,さし
13,ささっ
13,さい
13,ご時世
13,ごまかし
13,ごく
13,ころころ
13,これぞ
13,こもる
13,こみ
13,こぼす
13,こぼさ
13,こびりつく
13,こなし
13,こっち
13,こだわら
13,こすら
13,こすっ
13,ここら
13,こいつ
13,こい
13,けれども
13,けれ
13,け
13,ぐんぐん
13,くもり
13,くっつける
13,くっつけ
13,くっつき
13,くだされ
13,くし
13,くさ
13,くぐもっ
13,きれ
13,きり
13,きら
13,きっ
13,きける
13,きか
13,がんばっ
13,がる
13,がり
13,がっくり
13,がかっ
13,がい
13,か月
13,かんがえる
13,かわり
13,かわいく
13,かわいい
13,かるく
13,からには
13,かゆい
13,かぶり
13,かばん
13,かね
13,かなっ
13,かない
13,かな
13,かつて
13,かって
13,かた
13,かさばり
13,かさばっ
13,かげん
13,かけれ
13,かき消さ
13,かき出し
13,かえって
13,かえ
13,お高く
13,お隣
13,お陰
13,お粗末
13,お答え
13,お祝い
13,お気
13,お年
13,お家芸
13,お世話
13,おれ
13,およそ
13,おもわ
13,おます
13,おば
13,おっしゃっ
13,おち
13,おそるおそる
13,おそまつ
13,おしゃべり
13,おしく
13,おしい
13,おさまる
13,ぉ
13,ええ
13,ぇ
13,うんざり
13,うらやましい
13,うってつけ
13,うっかり
13,うっ
13,うたい文句
13,うきうき
13,うえ
13,いらっしゃる
13,いらだつ
13,いま一つ
13,いまひとつ
13,いと
13,いつの間にか
13,いったい
13,いっきに
13,いただく
13,いただい
13,いじれ
13,いじる
13,いし
13,いざ
13,いきすぎ
13,いかに
13,いい加減
13,いいかげん
13,ぃましたが
13,あんまり
13,あわ
13,あらし
13,あらかじめ
13,あてはまる
13,あっぱれ
13,あっという間に
13,あっさり
13,あたる
13,あたり前
13,あたりまえ
13,あたっ
13,あそこ
13,あきれ
13,あう
13,あいにく
13,ぁまぁな
13,ぁいざとなれば
13,ぁぁ
13,ぁ
13,★★★★☆
13,★★★★★。
13,△
13,≫（
13,≪
13,←
13,φ
13,β
13,α
13,Ω
13,Σ
13,str
13,---
13,-!
